{
  "apiKey": "ApiKeyDefaultValue",
  "providerUrl": "http://tx-plato-controlplane:8084/api/v1/dsp",
  "managementUrl": "http://172.19.0.2:30059/management",
  "publicUrl": "http://10.203.38.215:29291",
  "authUrl": "http://10.203.38.215:4000",
  "dataManagementApiUrl": "http://localhost:9192/api/v1/data",
  "catalogUrl": "http://localhost:9191/api/v1/data",
  "storageAccount": "company2assets",
  "storageExplorerLinkTemplate": "storageexplorer://v=1",
  "theme": "theme-2",
  "value": "AESC"
}
